Adr,Ijselstreek,student
Nova,Bosman,student
Mason,van den Berg,student
Fleur,Kuijpers,student
Jesse,Jonker,student
Mees,Kramer,student
Ella,van de Pol,docent
Thomas,van Dongen,docent
Eva,van der Heijden,student
Sarah,Bos,student
Luuk,Bos,docent
Jos,Struik,docent
Sam,Willemsen,student
David,van der Velde,student
Nora,Smit,student
Sam,van der Linden,student
Stop,Kontakt,student
Max,Wolters,docent
Robert,Hernandez,docent
Teun,van Dam,student
David,Kuijpers,student
Teun,Molenaar,student
Nina,van Dam,student
Liv,Kuiper,student
Hugo,Hugo,docent
Alba,Hernandez,student
Thijs,Boer,student
Julie,de Jonge,docent
Siem,de Bruijn,student
Jack,Sanders,docent
Sofia,Mulder,student
Max,van den Broek,student
Maud,van Dongen,docent
Hugo,Postma,student
David,Vermeulen,student
Lina,van der Laan,docent
Yara,Driessen,student
Lieke,Prins,docent
Adam,Hoekstra,student
Luuk,Hofman,student
Jack,Smeets,docent
Isa,Brouwer,student
Liam,Willems,docent
Thijs,Jansen,docent
Jan Wiepke,De Vries,student
Olivie,Martens,student
Gijs,Evers,student
Daan,Smit,docent
Julian,Meijer,student
Luca,Brouwer,docent
Siem,Hendriks,student
Nova,van Dam,student
Noor,Jacobs,docent
Mees,Jonker,student
Bram,Bosch,student
Nora,Verhoeven,docent
Mats,Meijer,student
Nora,van der Velden,student
Nina,van Doorn,docent